a.name,a.communityId
Sushma B.,10
Pulikala A.,10
Aparna P.,10
Bhimireddi R.,26
Dhavala L.,26
Shet T.,26
Sadhu S.P.P.,26
Kandula K.R.,26
Ansari A.A.,26
Padarti J.K.,26
Nuthalapatib M.,26
Koneti L.R.,26
Alotaibi K.M.,26
Alotaibi A.A.,26
Atragada C.B.,26
Nelaturi N.R.,26
Vadnala S.,26
Shankar J.,26
Paritala R.R.,26
Siddiqui A.H.,48
Santosh K.,48
Al Ansari M.S.,48
Suresh B.,48
Sathiya V.,48
Baker El-Ebiary Y.A.,48
Orosoo M.,48
Alfryan L.,48
Pasha S.M.,48
Prasuna G.,48
Rengarajan M.,48
Prakash P.R.,48
Abhang L.B.,48
Muda I.,48
Banerjee D.,48
Mary S.S.C.,48
Raash N.,48
Kaur C.,48
Bani-Younis J.M.A.,48
Preethi K.N.,48
El-Ebiary Y.A.B.,48
Arenas E.R.S.,48
Borda R.F.C.,48
Vidalón J.L.J.,48
Anuradha S.,48
Manikandan R.,48
Suyambazhahan S.,51
Rao C.V.M.,51
Girma Dunbushe C.,51
Temesgen T.,51
Nene A.A.,51
Ramachandran S.,51
Jose D.V.,53
Patil A.P.,53
Hiremath M.,53
Pawar V.,53
Mary A.R.,58
Kavitha P.,58
Rosline Mary A.,58
Mukhopadhyaya K.,60
Srividya P.,60
Dhanabagiyam S.,64
Blessy Doe M.,64
Thamizhselvi M.,64
Irfan M.,64
Thalari S.K.,64
Libeesh P.C.,64
Kavitha M.S.,90
Sudhakar A.,90
Srinivas K.N.H.,90
Rani P.J.,90
Harsha B.K.,90
Riyaz Hussain,90
Sk.,90
Kumar M.S.,90
Jule L.T.,90
Datta A.,90
Tripathi S.,90
Chaturvedi M.,90
Saha A.,90
Naik B.,90
Anusha V.,90
Anushree M.,90
Gayathri R.,90
Sharmiladevi D.,90
Sajitha L.P.,90
Rao V.S.,90
Nirmala G.,90
Shruthi M.L.J.,90
Chaitra K.U.,90
Lokesh D.,90
Mahendrakar P.N.,90
Kalyan A.,90
Alamuru S.,105
Jain S.,105
Prabhu S.M.,105
Darius P.S.H.,105
Sowjanya K.,105
Manju V.N.,105
Saha S.,105
Mitra P.,105
Majumder P.,105
Sridhar K.,105
Radhakrishnan P.,105
Swapna G.,105
Kesavamoorthy R.,105
Pallavi L.,105
Thiagarajan R.,105
Dimf G.P.,105
Kumar P.,105
Aparna N.,105
Sowjanya K K.,105
Dhiviya Rose J.,105
Krishna Sowjanya K.,105
Bindu Madavi K.P.,105
Patwari N.,105
Shobharani D.A.,105
Chatterjee P.,105
Sinha K.,105
Dharini S.,105
Mallik S.,105
Savitha S.,105
Kumar V.R.,105
Jeyanthy P.A.,105
Mahesh K.,105
Prabhavathi C.N.,105
Anvekar D.K.,105
Behera S.,105
Kolipakula N.,105
Swetha P.,105
Yogish Y.,105
Prathuri J.R.,105
Menon D.,105
Shenoy G.V.,105
Suresh J.M.,105
Devadason J.,105
Solomon D.G.,105
Kumar V.V.,105
Niveditha V.R.,105
Kannan V.A.,105
Gunasekaran K.,105
Venkatesan K.,105
Sreedevi N.,105
Gopalapillai R.,105
Christina K.,105
Sharmila P.K.,105
Sharma D.,105
Dadsena A.,105
Maik V.,105
Mishra I.,105
Sood A.K.,105
Gundabattini E.,105
Darius Gnanaraj S.,105
Joseph Jeyapaul A.,105
Kanthimathi S.,105
Manchanda A.,118
Vakula Rani J.,119
Jakka A.,119
Jagath M.,119
Vankudre A.,119
Ali H.A.S.,119
Sarkar S.,131
Muralishankar R.,131
Gurugopinath S.,131
Halaki A.,131
Siddheshwar P.G.,134
Sushma T.S.,134
Jacob P.,145
Dwarakish G.S.,145
Wani A.S.,145
Jalihal V.,145
Kommuru P.,145
Ruchitha R.,145
Kuracha H.,145
Taruni T.,145
Veigas S.S.,148
Elumalai R.,148
Ganesh D.R.,153
Chithambarathanu M.,153
Murugan T.,192
Suvitha A.,192
Milton Boaz B.,192
Durgadevi R.,192
Steephen A.,192
Arumanayagam T.,192
Sivaranjani R.,192
Garg M.,192
Saini K.,192
Vivek P.,192
Rekha M.,192
Madhavan B.,192
Antony Lilly Grace M.,192
Trilaksana H.,192
Athikesavan V.,192
Prathap K.,192
Judith Jayarani A.,192
Doust Mohammadi M.,192
Abdullah H.Y.,192
Qadir K.W.,192
Darbhe T.,192
Suvitha A.R.,192
Gangatharan R.,192
Nayak A.,192
Das P.,192
Nagarajan N.,192
Panchatcharam P.,192
Kumar G.S.,192
Arunkumar R.,192
El-Mansy M.A.M.,192
Thanmayalaxmi D.,192
Arundhathi N.,192
MadhusudhanRao A.S.,192
Grace M.A.L.,192
Kumar P.M.,192
Rao K.V.,192
Anuradha K.,192
Jayarani A.J.,192
Kumar A.A.,192
Rathika A.,192
Balakrishnan M.,192
Raja M.,192
Kumar P.V.,192
Subramaniam S.,192
Latha R.,192
Ajay P.,192
Rizwanbasha A.,192
Gokul P.S.,192
Hema M.,192
Balakrishnan N.,192
Devasenapathy D.,192
Dwibedi R.K.,192
Vinoth N.,192
Jayasudha T.,192
Ganesh V.D.,192
Qader S.W.,192
Ozdemir M.,192
Benjamin I.,192
Chima C.M.,192
Rani J.C.,192
Gber T.E.,192
Kothandan G.,192
Palanisamy S.K.,192
Udayakumar A.K.,192
Abed A.M.,192
Athisaya Rajah S.,192
Maharani N.Y.,192
Vedi A.,192
NSA A.S.R.,192
Akem M.U.,192
Frank A.E.,192
Eluwa E.C.,192
Yahya M.,192
Bouziani A.,192
Kurtay G.,192
Pillai. M B.,192
Sophiya S.S.,200
Gupta K.A.,200
Yellampalli S.S.,200
Parthasarathy P.,208
Arun Kumar U.,208
Suneetha J.,208
Alqahtani A.S.,208
Mubarakali A.,208
Saravanan M.,208
Changalasetty S.B.,208
Thota L.S.,208
Sivakumar B.,208
Gopinath S.,208
Alavudeen Basha A.,208
Alqahtani H.,208
Niranjan L.,208
Kumar U.A.,208
Ramakrishnan J.,208
Rajan M.S.M.,208
Matrouk K.,208
Trabelsi Y.,208
Gomathy V.,208
Rathish C.R.,208
Ranjitha R.,208
Ahuja P.,208
Shreeshayana R.,208
Anil D.,208
Krishnasamy V.,208
Sridhar N.,208
Anandaram H.,208
Pon Bharathi A.,208
Rajesh K.,208
Arunkumar U.,208
Karthikeyan S.,208
Lakshmiprabha K.E.,208
Krishnakumar R.,208
Shargunam S.,208
Suganya J.,208
Tabasum H.,208
Samuvel S.G.,208
Thangaraj S.J.J.,208
Filicious J.,208
Shwetha N.,208
Albert Paulin Michael R.,208
Filicionus J.,208
Ezhilarasan K.,208
Shilpa A.N.,208
Lakshmi V.,208
Gudur M.V.,208
Mallaiah P.K.,208
Soni M.,208
Bhat A.,208
Aralikatti S.,208
Pasha A.,208
Yousuf Madar R.,208
Lavanya M.S.,208
Taseen R.,208
Yaseen H.,208
Gowd R.B.R.,208
Varun S.S.,208
Shiny M.L.,208
Roji Priya C.S.,208
Imtiyaz Ahmed B.K.,208
Ashwathi S.,208
Swamy Goud A.,208
Sreekantha B.,208
Vazralu M.,208
Pushpa T.,208
Tabassum H.,208
Gayatri M.,208
Karthi V.,208
Nithyasai S.,208
Basha A.A.,208
Ali A.M.,208
Tayfour O.E.,208
Uddin M.S.,208
Vivekanandan S.,208
Boopathi S.,208
Neelagar M.B.,208
Radha G.,208
Harsha H.N.S.,208
Goud S.,208
Atti S.P.,208
Shujauddin M.,208
Madheswari A.N.,208
Manoj Priyatham M.,208
Mahendran G.,208
Murugan E.,222
Gorle G.,222
Ling Y.C.,222
Punyasamudram S.,222
Puthalapattu R.P.,222
Bathinapatla A.,222
Mulpuri R.,222
Kanchi S.,222
Kumar P.V.N.,222
Jyothi S.,222
Malathi S.,222
Sisila V.,222
Singaravel V.,222
Venkatesan N.,222
Pakrudheen I.,222
Dhanaraj R.,222
Ayyadurai N.,222
Bhuvarahamurthy V.,222
Kalkura S.N.,222
Venkata N.K.P.,222
Rao A.,235
Bhat S.,235
De S.,235
Cyriac V.,235
S A.R.,235
Hombalimath A.,240
Mangla N.,240
Balodi A.,240
Vijayanand S.,250
Viji C.,250
Vijayalakshmi S.,250
Vennila G.,250
Shankar B.P.,250
Rajkumar N.,250
Anish M.,268
Jayaprabakar J.,268
Bency P.,268
Joy N.,268
Jayaprakash V.,268
Arunkumar K.,268
Aravind Kumar J.,268
Praveenkumar T.R.,268
Ghfar A.A.,268
Rajasimman M.,268
Ravindran B.,268
Karthikeyan A.,268
Vijai Anand K.,268
Arunkumar T.,268
Anbazhaghan N.,268
Rangasamy G.,268
Jayaraman J.,268
Senthil Kumar P.,268
Mariadhas A.,268
Appavu P.,268
Ramachandran K.,268
Gnanasagaran C.L.,268
Pazhani A.,268
Kumar V.H.,268
Xavior M.A.,268
Subramani R.R.,268
Baligidad S.,268
Singh P.K.,268
Karthik K.,268
Mohanavel V.,268
Karim M.R.,268
Alnaser I.A.,268
Boopalan V.,268
Kallannavar V.,272
Kattimani S.,272
Reddy B.R.P.,272
Venkatesan B.,275
Kannan V.,275
Sophia M.,275
Samuel Prabaharan J.,275
Talluri R.,275
Karthick A.,275
Ruben J.S.,275
Raja M.A.,275
Thillainayagam B.P.,283
Nagalingam R.,283
Saravanan P.,283
Benjamin A.,323
Wahid F.F.,323
Jenefa J.,323
Deena Divya Nayomi B.,326
Mallika S.S.,326
Sowmya T.,326
Janardhan G.,326
Laxmikanth P.,326
Bhavsingh M.,326
Mary Anita E.A.,326
Mahalakshmi J.,326
Reddy A.M.,326
Chowdary B.V.,326
Raju P.R.,326
Kandasamy C.,331
Subramaniam P.,331
Karthikeyan V.,331
Kumar Tiwari A.,331
Dar S.Z.N.,337
Baraniya S.,337
Sankar M.,367
Kumara Swamy H.A.,367
Al-Mdallal Q.,367
Wakif A.,367
Swamy H.A.K.,367
Reddy N.K.,367
Peddinti P.R.T.,367
Jang B.,367
Keerthi Reddy N.,367
Sivaraj R.,367
Sudheendra S.R.,367
Dhibar S.,369
Pal B.,369
Karmakar K.,369
Kundu S.,369
Bhattacharjee S.,369
Sahoo R.,369
Mehebub Rahaman S.K.,369
Dey D.,369
Pratim Ray P.,369
Saha B.,369
Mahendra D.L.,381
Viharika J.U.,381
Ramanjini V.,381
Makinde O.D.,381
Vishwanatha U.B.,381
Deb D.,399
Nath D.,399
Pal A.,399
Dey P.,399
Roy J.,399
Dharani D.L.,405
Pattnaik M.,405
Naveen Kumar G.N.,405
Avula V.A.,405
Pattanaik B.,405
Maheshwari S.,405
Rao B.V.S.,405
Meenakshi K.,405
Kalaiarasi K.,405
Ramesh B.P.,405
Kavitha J.,405
Mukherjee D.,405
Puranik V.G.,405
Gayathri S.,405
Sugumar D.,405
Sekhar S.C.,405
Ramasamy J.,405
Harisha C.S.,405
Murthy N.V.E.S.,405
Maheswari C.,405
Ravi P.V.N.H.,405
Kumar D.S.,405
Shriprakash T.V.G.,405
Saravanan V.,405
Sreelatha P.,405
Rao Atyam N.,405
Madiajagan M.,405
Saravanan D.,405
Ananth kumar T.,405
Parveen Sultana H.,405
Josphineleela R.,405
Sundararajan V.,405
Varaprasad A.M.,405
Yadavalli P.K.,405
Praveenadevi D.,405
Yadava A.K.,405
Ganesan M.,405
Sengottaiyan K.,405
Rajendra P.,405
Girisha A.,405
Gunavardhana Naidu T.,405
Vijaya Chandra Kumar U.,405
Pushpa S.,405
Maguluri L.P.,405
Santhosh K.,405
Farooqui M.A.,405
Jeyanthi J.E.,410
Samuel T.S.A.,410
Song Y.S.,410
Venkatesh M.,410
Agarwal L.,410
Priya G.L.,410
Papnassam E.,410
Kumar B.P.,410
Rawat N.,410
Sanagavarapu A.,410
Andrew Roobert A.,410
Robert A.,410
Lakshmi Priya G.,410
Gifta G.,410
Jerart Julus L.,410
Selvakanmani S.,444
Yadav C.H.,444
Singh B.,444
Manigandan E.,444
Kumar S.S.,444
Karthik B.,444
Veeramani T.,444
Sanjay Krishna G.R.,444
Krishnaraj Rao N.S.,444
Ashok S.,444
Arun M.R.,444
Surekha M.,444
Santhosh B.S.,444
Rukmini K.,444
Mukhi B.,444
Annigeri S.V.,444
Meghashilpa R.,444
Devi K.,444
Swathi P.K.,444
Sinha S.,444
Jagadeesan S.,444
Janardhan M.,444
Sasank V.V.S.,444
Kapila D.,444
Mishra D.,475
Sinha N.,475
Bhuvanesh Shathyan R.,484
Farida Begam M.,484
Jashwanth K.,484
Jayaprakash A.,484
Kumar S.,503
Vijay Amirtha Raj F.,503
Kamatchi Kannan V.,503
Lakshmanan M.,503
Chitra K.,503
Srimathi R.,503
Jaanaa Rubavathy S.,503
Ponmurugan P.,503
Kandasamy N.,503
Telagam N.,503
Atyam N.R.,503
Poompavai T.,503
Reddy D.,503
Vijayapriya P.,503
Viji K.,503
Goriparti N.V.S.,503
Poompavai,503
Ahmed A.,503
Kousitha G.,503
Rao N.,503
Kowshik B.,503
Ramakrishna M.M.,503
Chaurasia N.,503
Sahaya Senthamil L.,503
Shah M.A.,503
Raja V.L.,503
Khadar Nawas K.,503
Awasthi S.,503
Kotteeswaran M.,503
Thirunavukkarasu K.S.,503
Mamatha B.,507
Rashmi D.,507
Tiwari K.S.,507
Sikrant P.A.,507
Jovith A.A.,507
Reddy P.C.S.,507
Kavitha D.,541
Geetha S.,541
Geetha R.,541
Kadry S.,541
Balaji C.,545
Maruthamanikandan S.,545
Rudresha C.,545
Shree V.V.,545
Savio A.D.,545
Kodandapani D.,545
Sathyasekar K.,545
Naryanmoorthi R.,545
Bharatiraja C.,545
Twala B.,545
Sherubha P.,571
Sasirekha S.P.,571
Anguraj A.D.K.,571
Anitha R.,571
Praveen S.P.,571
Krishnan R.H.,571
Madhan E.S.,571
Kannan K.S.,571
Rani P.S.,571
Rani J.V.,571
Anguraj D.K.,571
Shrivastav P.,571
Srivastava A.,571
Yadav Ch T K.T.,571
Venkateswaran K.,571
Krishna Teja Yadav C.H.T.,571
Sadasivan M.,571
Sathya C.,571
Vinothini C.,571
Jayanthi M.,571
Devi K.K.,574
Kumar J.P.,574
Pande S.M.,576
Sridharan S.,576
Singh S.R.,576
Puttaraju T.D.,588
Soundarya T.L.,588
Nagaraju G.,588
Lingaraju K.,588
Manjula M.V.,588
Devaraja S.,588
Manjunatha M.,588
Naika H.R.,588
Khanduri A.,605
Mukherjee S.,605
Das S.,605
Kartheek G.C.R.,605
Chinnaiyan R.,605
Sabarmathi G.,605
Maskey A.,605
Swarnamugi M.,605
Balachandar S.,605
Divya R.,605
Pandey A.K.,605
Mahesh T.R.,605
Christy V.,605
Shaikh M.,605
Yadav P.,605
Prasad G.,605
Swarnamugi,605
Kalaiarasi N.,605
Walid M.A.A.,605
Nanmaran R.,605
Srimathi S.,605
Beschi I.S.,605
Rama Devi C.,605
Nayagam M.G.,605
Suganthi D.,605
Thachamkode F.,605
Senthil K.M.,605
Vijayarangam S.,605
Vasundhara S.,605
Beherac N.R.,605
Chandre S.,605
Rajagopal R.,605
Arunachalam S.,605
Shanthi H.J.,605
Sivagurunathan G.,605
Anand D.,605
Raj M T.,605
Baliyan T.,605
Singh T.,605
Pandey V.,605
Vyshali Rao K.P.,630
Shanthi M.B.,630
Kumar H.P.A.,630
Gokul J.S.,630
Sudhakar K.N.,630
Sreerenganathan A.,630
Dhanalakshmi M.,630
Doke A.,630
Devadarshini P.T.,630
Ramu K.N.,630
Deshveer,630
Suryanarayana N.V.S.,630
Kanakala V.R.,630
Gaddam S.,630
Francis Britto C.,630
Roopa H.,630
Dani R.,630
Keshav Kumar K.,630
Maddel M.,630
Gite P.,630
Bakhare R.,630
Mittal V.,630
Gaikwad M.,630
Ramisetty S.,630
Koppurkar V.R.,630
Solapure V.,630
Srividya R.,630
Deepakanmani S.,645
Seetha S.,645
Daniel E.,645
Durga S.,645
Jennifer Eunice R.,645
Andrew J.,645
Kaushal R.K.,645
Arvind R.,645
Giri K.K.B.,645
Sindhu M.,645
Natrayan L.,645
Ronald B.,645
Nagesh H.B.,645
Harish L.,645
Chethan L.S.,645
Kumar S M.,645
Maranan R.,645
Santhosh B.J.,645
Benvin S.,645
Aswini V.,645
Thrinath B.V.S.,645
Suchith V.S.,645
Sanjay Pande M.B.,645
Ramya C.,645
Gururaj B.,645
Hamsha K.,645
Channagoudar S.,645
Christlin Shanuja C.,645
Ganga B.M.,645
Chandra S.,645
Raj S.,645
Jagadishwari V.,649
Lakshmi Narayan N.,649
Shobha N.,649
Ganeshgouda H.,649
Harikrishna,649
Pavan H.,649
James R.,649
Rakshith,649
Abraham R.,649
Lakshmi Narayana N.,649
Prakash S.R.,653
Singh P.N.,653
Babu T S K.,653
Anbazhagan A.,653
Deeksha D.V.,653
Kumar Reddy A.T.,653
Navaneetha M.,653
Tijare P.V.,653
Mohan P.,653
Rajput R.,653
Revanesh M.,679
Mary S.A.S.A.,679
Gnaneswari G.,679
Jones G.M.,679
Kanimozhi K.V.,679
Kamalam G.K.,679
Foo C.Y.,693
Rajendran P.,693
Aswini N.,693
Raja V.,693
Natarajan E.,693
Ang C.K.,693
Hegde R.,693
Das A.,722
Neelima N.,722
Bhilavade M.,728
Patil M.R.,728
Shivaprakasha K.S.,728
Admuthe L.S.,728
Awati A.S.,728
Javali A.,749
Gautam A.,749
Singh R.S.,749
Gautam P.,749
Hussain S.M.,749
Reddy V.S.,749
Asha M.N.,749
Babu G.L.S.,749
Preethi A.,749
Nair V.G.,749
Adarsh R.S.,749
Jayalakshmi K.P.,749
Dileep M.V.,749
Guruprasad K.R.,749
Kumar N.,749
Divya V.,749
Routray S.K.,749
Sharmila K.P.,749
Jha M.K.,749
Pappa M.,749
Singh M.,749
Sungeetha D.,749
Adarsh Rag S.,749
Harshavardhan P.S.,749
Naveen Kumar M.,749
Akhil M.,749
Senthil Velan S.,749
Soni S.,749
Chaubey S.,749
Parira S.,749
Preethika Reddy S.,749
Talwar P.B.,749
Gomathi R.D.,749
Singh S.,749
Kumar S.M.,749
Kashyap S.V.,749
Rashmi U.,749
Beena B.M.,749
Ambesange S.,749
Sarangi S.K.,749
Debnath A.,749
Dey B.,749
Sridevi S.,749
Yogeshwari A.,749
Rubini P.,749
Mahesh N.,749
Mahesh R.V.,749
Ealayaraja,749
Sivaranjani S.,749
Basavaraj H.P.,749
Roy M.,749
Radhakrishnan B.,749
Chetana,749
Madhan C.,749
Lankipalli V.,749
Yogeswari A.,749
Archana J.,749
Mohanty S.,749
Omkar Nag K.,749
Bhagat K.,749
Pani K.A.,749
Biswas S.,749
Sreelakshmi G.,749
Lini Dev K.,749
Nithesh N.,749
Harshan H.S.,749
Balaji M.,749
Chandan Gowda N.,749
Chandana C.,749
Jamuna G.M.,749
Jubin J.,749
Lakshmi Y.V.S.,749
Sophiya Susan S.,797
Ambika R.,797
Deekshitha S.M.,797
Keerthana N.M.,797
Vandana K.,797
Robert P.,803
Senkamalavalli R.,803
Vedanarayanan V.,803
Manivannan D.,803
Mathew J.C.,807
Ilango V.,807
Asha V.,807
Pai N.,807
Nithya B.,807
Jayabharathi S.,807
Velchamy I.,807
Ramesh N.B.,807
Uma V.R.,807
Upadhyay D.,807
Sowmya,818
Mary Anita T.,818
Ramachandra P.,820
Niranjan P.S.,820
Dalawai V.N.,820
Sreenivasulu B.,839
Pasala A.,839
Vasanth G.,839
Patil S.,855
Admuthe L.,855
Patil M.,855
Amuthan N.,858
M M.B.,858
Velrajkumar P.,858
Sivakumar N.,858
Jarin T.,858
Premkumar M.,858
Lakshmi R.,858
Priya S.G.,858
Tanguturi R.C.,858
Murali S.,858
Sivaramkrishnan M.,858
Senthilkumar V.M.,858
Siva Ramkumar M.,858
Kamalavalli T.,858
Pratheep V.G.,858
Kavitha S.,858
Arumugam A.,858
Sriramakrishnan G.V.,858
Muppidi S.,858
Chinniah P.,858
Maram B.,858
Vidyadhari C.,858
Kanchana S.,870
Rajan D.,870
Mahaveerakannan R.,870
Sagar K.V.D.,870
Subramanian P.,870
Rajakumar B.,870
Helen Josephine V.L.,870
Sudarson Rama Perumal T.,870
Gaurav G.S.,870
Joshua Samuel Raj R.,870
Deepa R.,878
Sakthivadivel M.,878
Saravanakumar S.,878
Ganesh Karthikeyan V.,878
Madumitha S.,878
Sandhya M.,882
Gnanaguru G.,891
Priscila S.S.,891
Balamurugan R.,891
Chithra M.,911
Udgirkar G.,913
Gayathri H.N.,913
Smith S.J.C.,913
Raju A.D.J.,933
Manohar S.S.,933
Beula A.A.S.,933
Danthuluri S.,946
Chitnis S.,946
Kumar Reddy V.M.,948
Malavika K.V.,948
Lokasree B.S.,948
Nanda Kumar K.,948
Tengshe R.,959
Savitha N.J.,959
Lata B.T.,959
Venugopal K.R.,959
Smitha N.,959
Singh A.,959
Ghosh A.S.,959
Kumari A.,959
Tanuja R.,959
Manjula S.H.,959
Lakshmi B.K.R.,959
Dhake S.P.,959
Jyothi N.M.,959
Barri H.K.,959
Dash M.,959
Gupta A.,959
Akanksha E.,959
Sharma N.,959
Sehgal J.,959
Sharma A.,959
Pandey H.,959
Jayant G.S.,959
Pant L.,959
Fatimah B.,959
Raj P.,959
Yadav S.,959
Fathima S.K.,959
Joshi S.D.,959
Singh P.,959
Singhal A.,959
Parvathy Thampi M.S.,967
Raghavendra N G.,967
Sarkar T.,969
Kalita S.,969
Devisivasankari P.,972
Vijayakumar R.,972
Vijayalakshmi V.,972
Selvakumar A.,972
Panimalar K.,972
Nagendran G.A.,974
Raj R.J.S.,974
Priya C.S.R.,974
Singh H.,974
Swathi Y.,983
Challa M.,983
Sudha D.,983
Kiran Babu T.S.,983
Kumar Jha M.,983
Kirti,983
Smriti M.,983
Shaily K.,983
Hebballi A.K.,983
Bharath J.,983
Agarwal A.,983
Shreya Reddy K.,983
Jacob M.,983
Varna N.S.,983
Chandrappa H.,990
Prabhakar N.,990
Yadav A.,990
Doddaiah M.,990
Sridhar R.,990
Guruprasad H.C.,990
Naveenkumar D.T.,990
Sangeetha D.M.,990
Ruchir A.J.,990
Marimuthu P.,1000
Vaidehi V.,1000
Midya A.,1002
Thomas D.G.,1002
Viswanathan K.,1004
Ravi T.,1004
Ramachandran D.,1004
Thirugnanasambandam A.,1004
Susmitha A.,1012
Sunanda,1012
Mohanty M.N.,1012
Hota S.,1012
Prasad S.,1036
Arun S.,1036
Samimalai A.,1036
Rani S.R.,1036
Kumar B.P.P.,1036
Hegde N.,1036
Banu S.,1036
Vaishnaw N.S.,1041
Shankar Narayan S.,1041
Raghu N.,1041
Baby R.,1041
Puneeth V.,1041
Narayan S.S.,1041
Khan M.I.,1041
Anwar M.S.,1041
Bafakeeh O.T.,1041
Oreijah M.,1041
Geudri K.,1041
Mohan Kumar K.,1043
Naik V.,1043
Kaup V.,1043
Waddar S.,1043
Santhosh N.,1043
Harish H.V.,1043
Waddar S.S.,1043
Cyril S.,1043
Manikandan H.,1043
Babu H.,1043
Chatterjee T.,1045
Munshi S.,1045
Behera D.,1045
Bindu R.,1064
Preethi Sejal M.,1064
Chetan H.,1064
Josephine H.V.L.,1068
Vedaiyan R.,1068
Xavier V.M.A.,1068
Winston J.J.,1068
Jegatheesan A.,1068
Lakshmi D.,1068
Raj J.S.,1068
Darwin Jose Raju A.,1082
Solai Manohar S.,1082
Annie Steffy Beula A.,1082
Manjula H.T.,1086
Neha Mangla,1086
Sahridayan P.T.M.,1101
Gopal R.,1101
Baig M.,1111
Singh S.B.,1111
Unnathi J.,1111
Pradeep B.,1111
Ragasudha C.P.,1111
Jisha L.K.,1111
Eldho R.P.,1111
Poornima T.,1111
Stateczny A.,1124
Bolugallu S.M.,1124
Divakarachari P.B.,1124
Ganesan K.,1124
Muthu J.R.,1124
N．K． M.,1136
Alzubaidy N.N.,1136
U． L.,1136
M． M.,1136
K． S.,1136
B．V． K.R.,1136
B．R． K.,1136
Somashekarachar G.,1136
M．T． S.,1136
B．P． S.,1136
P． N.,1136
Rajesha,1136
S． M.K.,1136
Devaraj S.,1152
Madian N.,1152
Sushma T.V.,1152
Sriraam N.,1152
Suresh S.,1152
Punya Prabha V.,1152
Alagarasan D.,1154
Hegde S.S.,1154
Naik R.,1154
Murahari P.,1154
Shetty H.D.,1154
Prasad Hb S.,1154
Maiz F.,1154
Shkir M.,1154
Kumar A.,1154
Shanmugavelu B.,1154
Ganesan R.,1154
Ubaidullah M.,1154
Gupta M.,1154
Pandit B.,1154
Senthilkumar N.,1154
Sehgal S.S.,1154
Chakravarty S.,1154
Suganya S.,1154
Sharma H.,1154
Pareek R.,1154
Masud M.,1154
Aljahdali S.,1154
Bose R.S.C.,1154
Surendra B.S.,1154
Vinoth S.,1154
Ramesh K.,1154
Varadharajaperumal S.,1154
Aadhavan R.,1154
Algarni H.,1154
Koorapati K.,1158
Pandu R.,1158
Ramesh P.K.,1158
Veeraswamy S.,1158
Narasappa U.,1158
G P.,1164
Ramdas B.,1164
Ramamoorthy S.,1164
Patil B.,1164
Mohan Kumar P.,1164
Rangaraj L.,1164
Koppala S.,1164
John S.P.,1164
Lokesh B.,1164
Munusamy S.,1164
Karthikeyan P.,1164
Godiya C.B.,1164
Chandragiri S.Y.,1164
Aminabhavi T.M.,1164
Duan K.,1164
Li K.,1164
Xu L.,1164
Xia Y.,1164
Swamiappan S.,1164
Chethan Kumar G.,1164
Rajasree S.,1164
Que T.,1164
David S.,1164
Kemacheevakul P.,1164
Padmavathy N.,1164
Prasad B.,1164
Pillai R.,1164
Jariwala C.,1164
Lekshmi I.C.,1164
Kumar K.,1164
Yugesh V.,1164
Baligidad S.M.,1164
Abdullah S.,1164
Rajendran D.K.,1164
Thodda G.,1164
Singh L.,1164
Balan R.,1164
Holaday D.,1164
Janardhanan J.P.,1164
Lionus Leo G.M.,1164
Murugapoopathi S.,1164
Jayabal R.,1164
Nedunchezhiyan M.,1164
Devarajan Y.,1164
T A.,1164
Elangovan K.,1164
Shilpa G.,1164
P M.K.,1164
Deepthi P.R.,1164
Sukhdev A.,1164
Bhaskar P.,1164
Kumar D K.,1164
Nambiar A.P.,1164
Sanyal M.,1164
Vadikkeettil Y.,1164
Shrivastav P.S.,1164
Maharudresh A.C.,1164
Bharath K.N.,1164
Krishna Kumar P.,1180
Komarasamy C.,1180
Murugan S.,1180
Muthuramalingam L.,1183
Chandrasekaran K.,1183
Xavier F.J.,1183
Roogi J.M.,1189
Devi M.,1189
Aggarwal P.,1199
Preetha S.,1200
Mayeen A.,1201
Archana K.M.,1202
Kalarikkal N.,1203
Narasimhamurthy B.,1204
Bradha M.,1205
Sangeetha V.,1206
Kasireddy I.,1207
Nasir A.W.,1208
Reddy R.S.K.,1209
Veeraiah,1210
Prashanth Sadhu S.P.,1211
Manthrammel M.A.,1212
AlFaify S.,1213
Mythily M.,1214
Selvam S.,1215
Swamidason I.T.J.,1216
Wagh R.,1217
Vaandrager F.,1218
Narayana S.K.,1219
Hosur N.T.,1220
Tiwari A.K.,1221
Devaraju B.,1222
Arun Kumar K.D.,1223
Panjalingam S.P.,1224
Massoud E.E.S.,1225
Sundararajan G.,1226
Perumalsamy D.,1227
Ghosh A.,1228
Jain A.,1229
Sarkar S.K.,1230
Eswaran S.,1231
Rani V.,1232
Daniel D.,1233
Selvakumar S.,1234
Ananth S.,1235
Uma S.V.,1236
Akhilesh V.,1237
Professor G.D.R.,1238
Sumitra Devi M.R.,1239
Balasubramaniyan S.,1240
Saravana Kumar E.,1241
Ashwin M.,1242
Mondal S.,1243
Gupta P.,1244
Rahaman F.,1245
Shivakumar G.S.,1246
Welwin P.A.,1247
Hubli M.J.,1248
Patil P.B.,1249
Sangeetha R.,1250
Roy S.,1251
Hatti P.S.,1252
Singh S.K.,1253
Parihar S.S.,1254
Nithara P.V.,1255
Michail S.,1256
Chaithanya S.,1257
Khan M.S.,1258
Ibrahim S.J.A.,1259
Chakravarthy N.S.K.,1260
Kalaiarasan C.,1261
Ali Ibrahim S.J.,1262
Monisha V.,1263
Kiran S.,1264
Monisha A.,1265
Varun C.H.,1266
Arun C.G.,1267
Kumaresan K.,1268
Mohanraj R.,1269
Thomas R.,1270
Madhumita S.,1271
Nithishkumar K.,1272
Hosallimath V.V.,1273
Awati A.,1274
Senthilpari C.,1275
Diwakar K.,1276
Deivasigamani,1277
Ayavoo R.,1278
Thiyagarajan G.,1279
Prasanna S.,1280
Likith V.P.,1281
Begam M.F.,1282
Shashikant M.N.,1283
Kumar C.,1284
Jaisiva S.,1285
Tiwari R.,1286
Devi V.L.,1287
Surjith Surya S.V.,1288
Prakash V.S.,1289
Vennila J.,1290
Shiva Kumar B.N.,1291
Shriidhar P.J.,1292
Britto Jacob S.,1293
Yuvaraj S.,1294
Shivaraj A.,1295
Mohan Kumar B.N.,1296
Sujatha M.S.,1297
Nageswara Rao A.,1298
Shendge S.,1299
Reddy V.T.,1300
Pati T.,1301
Jayakumar V.,1302
Rajendra R.,1303
Jayajevaa N.,1304
Navana B.R.,1305
Eldho R.,1306
Solomon Selva M.,1307
Vishnu Raju M.,1308
Manohar N.,1309
Pooja B.P.,1310
Nithyananda,1311
Elumali R.,1312
Anuvarshini S.R.,1313
Nidhi D.,1314
Deeksha Sree C.,1315
Roy D.,1316
Das C.,1317
Shashank P.,1318
Ahammad S.,1319
Dharma Teja R.,1320
Vijji K.,1321
Hithesh A.R.,1322
Shivprakasha K.S.,1323
Sanitha Michail C.,1324
Patil A.,1325
Narasimha Rao B.,1326
Shilpa N.,1327
Bhoosnurmath S.S.,1328
Vijay K.R.,1329
Mishra S.P.,1330
Padhi P.P.,1331
Ravi Kumar J.,1332
Dash P.K.,1333
Krishna V.R.,1334
Yadav K.T.C.T.,1335
Harshitha L.,1336
Harshitha N.,1337
Brinda,1338
Soumya T.R.,1339
Ramesh P.,1340
Rosy N.A.,1341
Pughazendi N.,1342
Padmapriya S.,1343
Khilar R.,1344
Akshatha G.K.,1345
Aadil A.,1346
Baghyasri B.,1347
Kubal V.V.,1348
Srinivasan N.P.,1349
Dinesh A.,1350
Palur S.,1351
Sameer S.M.,1352
Sneha M.,1353
Puneeth L.,1354
Namratha B.,1355
Kirathan,1356
Sagar E.,1357
Sakhib M.M.,1358
Chakrabarty S.,1359
Ghosh S.,1360
Akshatha K.S.,1361
Saurabh A.,1362
Samanvitha B.,1363
Sarwar M.F.,1364
Sindhushree M.N.,1365
Tejaswini M.,1366
Lone T.A.,1367
Rathore M.,1368
Nath Singh P.,1369
Varshney M.,1370
Goyal T.,1371
Niharika R.,1372
Indumathi G.,1373
Ruben S.,1374
Masi C.,1375
Trivedi A.,1376
Raj A.,1377
Yuvaraj D.,1378
Anitha M.,1379
Karyemsetty N.,1380
Krishnamoorthy R.,1381
Bansal M.,1382
Jain P.,1383
Vijayalaskhmi V.,1384
Atham S.B.,1385
Kathiroli P.,1386
Mannan J.M.,1387
Myilvahanan J.K.,1388
Jayavel J.,1389
Maithili,1390
Anil Kumar T.,1391
Buvana D.,1392
Navya V.K.,1393
Rubini P.E.,1394
Chandana M.J.,1395
Chandini N.,1396
Srinija C.,1397
Divya S.,1398
Anitha C.,1399
Jayasutha D.,1400
Gomathi B.,1401
Prajwala M.V.,1402
Sahaya Susmi S.K.,1403
Rashmi T.,1404
Jemima A.,1405
Raghavendran C.,1406
Do Y.,1407
Umamaheswari G.,1408
Singh D.,1409
Vijayakumar K.,1410
Sangeetha R.G.,1411
Anitha G.,1412
Zahid Nabi Dar S.,1413
Das S.K.,1414
Rajesh Kumar V.,1415
Aruna Jeyanthy P.,1416
Mahadi Hasan M.,1417
Raji J.O.,1418
Adnan A.T.M.,1419
Ahmed E.,1420
Jhansi Rani P.,1421
Nayak F.,1422
Shashank R.,1423
Aggarwal A.K.,1424
Nelson L.,1425
Damodharan P.,1426
Pandian M.T.,1427
Manasa Reddy M.,1428
Gurupriyanka J.,1429
Saiteja M.K.,1430
Srivastava S.,1431
Tiwari S.K.,1432
Jha S.,1433
Kumar Reddy P.,1434
Kumar G C.,1435
Reddy Mungara S.,1436
Sanjan J.,1437
V N H Ravi P.,1438
V.e.s. Murthy N.,1439
Padmavathi V.,1440
Asha K.N.,1441
Srivastava N.,1442
Soundarya N.,1443
Raju U.,1444
Nithyalakshmi B.,1445
Praveen S.,1446
Shivakumar B.N.,1447
Vaishnav A.,1448
Punalur John S.,1449
Harathi J.,1450
Hariharan M.,1451
Jyoti,1452
Sharon Roji Priya C.,1453
Deepalakshmi P.,1454
Qamar A.,1455
Kunal S.,1456
Girish M.P.,1457
Vaduganathan M.,1458
Arora S.,1459
Yadav R.,1460
Batra V.,1461
Gupta M.D.,1462
Senthilkumar G.,1463
Mayavan T.,1464
Praveen Raj A.,1465
Mishra A.,1466
Thambi V.,1467
Iqbal A.,1468
Nadin E.S.,1469
Kumar Gouda P.,1470
Rameshbabu A.,1471
Ramanathan G.,1472
Pachori R.B.,1473
Gouda P.K.,1474
Lakshmikhandan K.,1475
Aganti M.,1476
kumar Gouda P.,1477
Santhakumar C.,1478
Chokkalingam B.,1479
Panneerselvam K.,1480
Rajalakshmi K.,1481
Visalatchi L.,1482
Tesfaye M.,1483
Muthukumaran N.,1484
Haqqi B.,1485
Shakambhari,1486
Anantha Babu S.,1487
Arul Xavier V.M.,1488
Anuradha B.,1489
Sunanda S.,1490
Ijaz Khan M.,1491
Abdullah A.,1492
Guedri K.,1493
Jameel M.,1494
Kavipriya K.,1495
Kotekani S.S.,1496
Raja M A.S.,1497
Nivin Joy T.,1498
Al Obaid S.,1499
Alfarraj S.,1500
Raj M.M.,1501
Markos M.,1502
Mulu A.,1503
Konde S.,1504
Behera C.,1505
Mishra S.K.,1506
Chavhan V.,1507
Goswami A.,1508
Kalra G.,1509
Rajoria Y.K.,1510
Boadh R.,1511
Pandey P.,1512
Khatak N.,1513
Girdhar R.,1514
Nayak P.S.,1515
Choudhary S.,1516
Darshana Jain N.,1517
Deepika J.,1518
Deepika S.,1519
Hima M.,1520
Sharma L.,1521
Anand S.,1522
Routry S.K.,1523
Umavathi M.,1524
Athikkal S.,1525
Ranjeev A.,1526
Vinoth J.,1527
Chowdhury S.S.H.,1528
Balaji Damodhar T.S.,1529
Kolappan S.,1530
Subramani K.,1531
Kailasanathan C.,1532
Kumaran P.,1533
Subbiah R.,1534
Suresh Kumar S.,1535
Judes Sujatha S.,1536
Ramamurthi D.S.,1537
Muthuraman U.,1538
Kumar M.,1539
Boopathi Rathinam B.,1540
Suresh kumar S.,1541
Srivastava A.K.,1542
Manoj M.K.,1543
Sathya P.M.,1544
Lavanya P.,1545
Ramesh L.,1546
Rafee S.M.,1547
Agalya V.,1548
Shaikh Z.H.,1549
Sarea A.,1550
Jayasheel Kumar K.A.,1551
Ramesha C.M.,1552
Srinath M.K.,1553
Navaneeth B.,1554
Shashank M.,1555
Raja Naika H.,1556
Nagendra P.,1557
Ganesh A.V.,1558
Hema H.C.,1559
Samarth Urs M.,1560
Prakash Narasimha K.N.,1561
Suresh Kumar B.V.,1562
Gopinathan S.,1563
Jeevan Fernandes B.,1564
Talapatadur V.,1565
Ramesh K.P.,1566
Puneeth Kumar N.,1567
Srikantappa A.S.,1568
Akram N.N.,1569
Shiva Reddy G.V.,1570
Narasimha Murthy B.,1571
V L H.J.,1572
Rasheed A.A.,1573
Ganesh Babu O.,1574
Oorkalan A.,1575
Manjunatha M.N.,1576
Agasnalli C.,1577
Lakkundi T.,1578
Chandrappa K.D.,1579
Priyanka V.P.,1580
Anil Kumar A.,1581
Bhatt B.R.,1582
Anitha P.,1583
Yadav A.K.,1584
Joshi V.C.,1585
Subramanian C.B.,1586
Ranjan Nayak N.,1587
Mohanty D.K.,1588
Rout S.,1589
Nandha Kumar S.K.,1590
El-Zahar E.R.,1591
Samuel Raj R.J.,1592
Varalatchoumy M.,1593
Kathirvel C.,1594
Babu R.P.,1595
Senthamil L.S.,1596
John Augustine P.,1597
Govindarajan A.,1598
Babu S.A.,1599
Gopila M.,1600
Febiyola Justin B.V.,1601
Kumari M.,1602
Rani S.,1603
Dogra N.,1604
Dahiya M.,1605
Babu P. R.,1606
Nayak N.R.,1607
Saikia U.,1608
Ananda Kumar K.S.,1609
Aravindharamanan S.,1610
Ramesh Babu P.,1611
Josephine V. L. H.,1612
Shwetha K.G.,1613
Mahesh Kumar C.L.,1614
Anadinni S.B.,1615
Sowjanya G.V.,1616
Hemanth C.,1617
Shamitha S.K.,1618
Gayathri A.K.N.S.M.,1619
Pai A.R.,1620
Joel J.P.A.,1621
Nataraja M.C.,1622
Shivakumara M.J.,1623
Rachana,1624
Krutika,1625
Ashwini,1626
N. P.K.,1627
Ashok T.M.,1628
Chidhananda R.S.,1629
Srinivas Reddy M.,1630
Harisha P.,1631
Nanjundaswamy H.M.,1632
Divakar H.N.,1633
Krishnan D.,1634
Vinay M.N.,1635
L. S.K.,1636
Somanakatti A.B.,1637
Rakshith M.,1638
Pullela P.K.,1639
Korrapati S.,1640
Sharan Teja Reddy K.,1641
Uthirapathy V.,1642
Mungara S.R.,1643
Reddy K.S.T.,1644
Baghel A.K.,1645
Goswami A.K.,1646
Nayak S.K.,1647
Jithendra C.,1648
Elavenil S.,1649
Sai Nikhil G.,1650
Rajasekaran A.S.,1651
Parimala M.,1652
Velliangiri S.,1653
Malladi S.,1654
VijeyaKumar K.N.,1655
Sakthisudhan K.,1656
Saravanakumar N.,1657
Mythili R.,1658
KamatchiKannan V.,1659
Kowsalya M.,1660
Ahmed B.K.I.,1661
Furquan A.,1662
A. N R.,1663
G V.,1664
K A.,1665
Sunil K.P.,1666
Thahsin A.,1667
Manju M.,1668
Gopakumar G.,1669
Saxena S.,1670
Aakash,1671
Kumar G.A.,1672
Raj B.S.B.,1673
Peeran S.I.,1674
Mampilli B.S.,1675
Ghouse F.,1676
Paranjothi K.,1677
Vaithiyanathan R.,1678
Archana K.,1679
Ravi K.R.,1680
Prateek M.,1681
Naresh Dixit P.S.,1682
Zubair M.,1683
Anand R.,1684
Sudarsanam P.,1685
Majumder T.,1686
Shrestha S.,1687
Srikanth L.,1688
Srikanth S.,1689
Srikanth I.,1690
Panda S.,1691
Viswanath D.,1692
Jauhar R.M.,1693
Mahesh M.,1694
Thomas P.,1695
Al-Wesabi F.N.,1696
Marzouk R.,1697
Hilal A.M.,1698
Manjunatha S.,1699
Meqdad M.N.,1700
Nam Y.,1701
Thenmozhi R.,1702
Sonthi V.K.,1703
Avudaiappan T.,1704
Pin K.,1705
Prince Antony Joel J.,1706
Alelyani S.,1707
Alsaqer M.S.,1708
Anand Deva Durai C.,1709
Swati M.,1710
Pratistha M.,1711
Priyadharshini A.,1712
Parveen M.S.,1713
Swathi.Y Y.,1714
Ravindiran G.,1715
Alagumalai A.,1716
Subbarayan S.,1717
Mutagi S.,1718
Hiremath C.G.,1719
Manjula G.,1720
Govinda Rajulu G.,1721
Thirukrishna J.T.,1722
Govindaiah S.,1723
Suresha K.J.,1724
Chetri C.,1725
Dwarakanatha G.V.,1726
Shah H.,1727
Jayashree C.S.,1728
A.D V.,1729
Panda B.,1730
Pavanan V.,1731
Murugesan V.A.,1732
Dodamani B.M.,1733
Chandrasekar P.,1734
Senthil kumar J.,1735
Narendra N.,1736
Krishnamurthy N.,1737
Sagar M.B.,1738
Murali M.S.,1739
Rajendra Prasad Reddy B.,1740
Rana Prathap Reddy N.,1741
Manne B.,1742
Srikanth H.V.,1743
Jebasingh V.K.,1744
Divya Johns J.,1745
Prabhu A.,1746
Shivanna D.M.,1747
Kulkarni S.S.,1748
Jhansi R.P.,1749
Litter M.I.,1750
Liu H.,1751
Mohamed R.B.,1752
S D.,1753
S S.N.,1754
Bhattacharjee A.,1755
Osman W.,1756
Khaled K.F.,1757
Ahmed K.,1758
Gouda N.,1759
Indulekha A.,1760
Raghu K.,1761
Harshini P.,1762
Murthy B.N.,1763
Hemakumar K.H.,1764
Ram Subramani R.,1765
Shailendra B.,1766
Mahaboob B.,1767
Hanumantha Ravi P.v.n.,1768
Sateesh Kumar D.,1769
Sitamahalakshmi V.,1770
Sateeh Kumar D.,1771
Shaik M.S.,1772
Hanumantha Ravi P.V.N.,1773
Venkateswararao J.,1774
Sai Prasanthi G.,1775
Milina K.,1776
Prasad B.S.,1777
Akana C.M.V.S.,1778
Uppin R.,1779
Sangameshwar,1780
Ve M.G.,1781
Sahoo A.,1782
Ghosh A.D.,1783
Pradyumna R.,1784
Rahul Reddy V.,1785
Sanjay B.R.,1786
Reddy S.N.K.,1787
Chandan R.,1788
Bhat B.G.,1789
Ashwin J.,1790
Aravind M.,1791
Sathish T.,1792
Raja T.,1793
Rashedi A.,1794
Alarifi I.M.,1795
Badruddin I.A.,1796
Algahtani A.,1797
Afzal A.,1798
SHARATH KUMAR D.,1799
PALLAVI H.S.,1800
PULLELA P.K.,1801
Mathew J.,1802
Gomes R.F.,1803
Bhaskar S.,1804
Nair S.,1805
Vijayananda K.,1806
Kumar G.C.,1807
Parvatha R.S.,1808
Ramya T.,1809
Aparanji G.S.,1810
Mamtha M.V.,1811
Tom R.J.,1812
Roopashree Y.A.,1813
Bhoomika M.,1814
Priyanka R.,1815
Nisarga K.,1816
Lalitha S.K.,1817
Aishwarya J.,1818
Shivakumar N.,1819
Srilekha T.,1820
Dheeraj J.C.,1821
Nandakumar K.,1822
Aditya A.V.,1823
Chethan B.S.,1824
Lakshmi P.,1825
Lalitha G.K.,1826
Malashree D.,1827
Mohana Priya D.,1828
Prakash A.,1829
Akshay P.,1830
Reddy P.K.,1831
Vijayalaxmi A.,1832
Likitha K.N.,1833
Nethravathi R.,1834
Nithyashree K.,1835
Kumari R.,1836
Singh R.K.,1837
Yadav S.K.,1838
Sah S.,1839
Keshava Kumar N.,1840
Hemanth Kumar H.S.,1841
Pawan Kumar G.,1842
Nived M.,1843
Nithin S.,1844
Mohandass S.,1845
Srinadh V.,1846
Veeramanikandan P.,1847
Manohar V.,1848
Thirupurasundari D.R.,1849
Kumari G.K.,1850
Gupta J.,1851
Kassim S.,1852
Jhamnani R.,1853
Gokulan R.,1854
Pushpa T.B.,1855
Jegan J.,1856
Narayana B.,1857
Vittala S.S.,1858
Ibrahim M.,1859
Abdelsalam H.,1860
Selvakumaran T.,1861
Manickam S.,1862
Lakshmi I.C.,1863
Mohammadi M.D.,1864
Muthubalaji S.,1865
Srinivasan S.,1866
Gudimindla H.,1867
Manjunatha Sharma K.,1868
Sandhya S.,1869
Ubalanka V.,1870
Jose A.,1871
Nandagopalan S.,1872
Selvaraj Y.,1873
Sathyanathan P.,1874
Santhosha D.,1875
Komal P.,1876
Sevak Singh R.,1877
Manjari S.K.V.,1878
Ningthoujam R.S.,1879
Nair V.V.,1880
Chitralekha G.,1881
Nadaf N.,1882
Pusuluri V.N.,1883
Pramanick D.,1884
Pranav S.,1885
De S.K.,1886
Nandy A.,1887
Roy A.,1888
Senapati D.,1889
Nair M.,1890
Noel S.,1891
Abdul Rasheed A.,1892
Harikrishna T.,1893
Sanchita,1894
Jyoti M.R.,1895
Manjudevi,1896
Akanskha E.,1897
Gulati K.,1898
Shivakumar V.,1899
Mohamed Iqbal M.,1900
Parvathy Thampi P.T.M.S.,1901
Raghavendra G.,1902
Sowmya S.,1903
Chandru S.,1904
Ananya S.,1905
Jyothi J.J.H.,1906
Ramya R.M.,1907
Srinivasan V.,1908
Buvabi S.H.,1909
Hanumanthu J.R.,1910
Subramanian R.,1911
Anand G.,1912
Karthikeyan R.,1913
Jeevahan J.,1914
Janakiraman D.,1915
Hariharan J.,1916
Umamaheswaran N.,1917
Susan S.S.,1918
Banerjee S.,1919
Hemanth R.,1920
Ojaswini S.,1921
Gowdar T.P.,1922
Karunagaran N.,1923
Kumar Jha B.,1924
Pande S.,1925
Preethi K.,1926
Nandini R.,1927
Bhuvaneshwari R.,1928
Jha B.K.,1929
Srinivas Akana C.M.V.,1930
Anmol A.,1931
Aishwarya B.R.,1932
Rohilla K.,1933
Shaurya K.,1934
Vukanti V.,1935
Raghavendra C.K.,1936
Prashanth J.,1937
Navya M.,1938
Likitha D.,1939
Manjula K.,1940
Keerthi Priya S.V.,1941
Sivasankari G G.,1942
Venugopal K R.,1943
Chakraborty S.,1944
Pooniwala O.R.,1945
Praveen Kumar S.,1946
Gopal D.,1947
Kulkarni G.N.,1948
Aryan A.,1949
Rajeev A.,1950
Chhabra A.,1951
Parida A.K.,1952
Lipika P.,1953
Bharath M.,1954
Hiremath S.,1955
Venugopal V.K.,1956
Ramesh C.,1957
Subramanyam N.,1958
Sumathi S.,1959
Sharadkumar P.R.,1960
Neelannavar S.S.,1961
Reddy C.K.,1962
Srinivasan G.,1963
Lakshmi G.,1964
Sajan J.,1965
Shreyas P.,1966
Vishwanatha A.D.,1967
Aarthi S.,1968
Anusha D.,1969
Chaithanya C.,1970
Sindhu J.,1971
Mathankumar M.,1972
Karthikeyani S.,1973
Kumar S.G.,1974
Rajaguru R.,1975
Fernandes S.V.,1976
Padmanabha V.,1977
Someswari T.,1978
Raichel Ruby M.,1979
Sandhya P.,1980
Gowramma Y.P.,1981
Beulah J.R.,1982
Cyril C.P.D.,1983
Irene D.S.,1984
Yashaswini P.R.,1985
Mamatha N.,1986
Srikanth P.C.,1987
Sharan P.,1988
Sandhya K.V.,1989
Barya R.,1990
Upadhyaya A.M.,1991
Ravikumar V.,1992
Senthilkumar D.,1993
Saravanan C.G.,1994
Edwin Geo V.,1995
Vikneswaran M.,1996
Solaimuthu C.,1997
Femilda Josephin J.S.,1998
Beemkumar N.,1999
Yuvarajan D.,2000
Arulprakasajothi M.,2001
Lydia E.L.,2002
Pandi Selvam R.,2003
Elhoseny M.,2004
Shankar K.,2005
Nithyakani,2006
Shanthini A.,2007
John V.M.,2008
Sharma V.,2009
Alex S.,2010
Vardhini,2011
Dass S.N.,2012
Sahana,2013
Preetika,2014
Hari Pranav A.,2015
Latha M.,2016
Ashwin S.,2017
Hari Pranav,2018
Senthilmurugan M.,2019
Pradyumna Rahul K.,2020
Pallekonda A.,2021
Kokkirigadda S.,2022
Kumar J.S.,2023
Vaibhav S.,2024
Dutta P.K.,2025
Somasundaran T.P.,2026
Bera P.,2027
Aher A.,2028
Brandao P.,2029
Manna S.K.,2030
Bhattacharyya I.,2031
Pramanik C.,2032
Mandal B.,2033
Tengshe R.R.,2034
Shrivastava K.K.,2035
Kushwaha A.K.,2036
Ananya X.,2037
Quadir N.A.,2038
Pitchandi V.,2039
Naik J.,2040
Tripathy L.,2041
Hannoon N.M.S.,2042
Senapati R.,2043
Soonmin H.,2044
Dongre J.K.,2045
Khattak Y.H.,2046
Zhang,2047
X.-H.,2048
Sadanand,2049
Dwivedi D.K.,2050
Oeba D.A.,2051
Apatna P.,2052
Jeyaraju R.M.,2053
Josephraj J.,2054
Dayanand N.,2055
Chetan T.N.,2056
Gollagi S.G.,2057
Santhosh Kumar G.,2058
Pareek P.K.,2059
Uma V.S.,2060
Aishwarya U.N.,2061
Akshaya K.,2062
Pattanshetty A.A.,2063
Ansar H.,2064
Kumar H.,2065
Kharade P.,2066
Vivek M.G.,2067
Reddy P.S.,2068
Prajwal B.,2069
Kavitha A.,2070
Gowda C.H.,2071
Arun P.,2072
Geethanjali S.,2073
Sejal M.P.,2074
Taj N.,2075
Shashwat M.,2076
Shashank S.,2077
Hemanth P.,2078
Vidya V.,2079
Sunil A.,2080
Shahida M.,2081
Choudhury S.,2082
Venugopal V.,2083
Parhi C.,2084
Aarathi S.,2085
Johnson R.F.,2086
RajaPraveen K.N.,2087
Vivek V.,2088
Pradeep Kumar M.,2089
Sriramu D.S.,2090
Shreya S.,2091
Sinha T.,2092
Priya S.,2093
Joy S.P.,2094
Vishwa Vignesh N.K.,2095
Shreyas K.N.,2096
Roy A.L.,2097
Gowdhamkumar S.,2098
Stalin Alex D.,2099
Raj. R J.S.,2100
Devarajan D.,2101
Rathod S.,2102
Dhanan S.,2103
Harsha S.S.,2104
Sharmila K P.,2105
Kumar K.S.,2106
Mani P.,2107
Ramkumar M.S.,2108
Ganesh D R.,2109
Tilak R.D.S.,2110
Sanjeetha N H.,2111
Sanmathi,2112
Sindhushree S.,2113
Devi E.A.,2114
Wahid Nasir A.,2115
Pavithra G.,2116
Yousuf R.M.,2117
Selvan K.S.,2118
Parameswaran T.,2119
Millen J.,2120
Pawanekar S.,2121
Preethi G.,2122
Nagaswarupa H.P.,2123
Anita A.N.,2124
Raveesha K.H.,2125
Aishwarya M.,2126
Babu S.S.,2127
Suchithra I.M.,2128
Bellad S.R.,2129
Arun Kumar A.,2130
Subramaniyan R.,2131
Suja R.,2132
Kiran M.B.,2133
Venkatesh G.S.,2134
Kavitha S.D.,2135
Chitra V.,2136
Anandaraj V.,2137
Sharma R.P.,2138
Haseen Buvabi S.,2139
Ramakrishnan V.,2140
Thomas A.,2141
Arvind Lambodhar U.,2142
Suhas K.,2143
Siva R.,2144
Sundar Reddy Nemali S.,2145
Kishore Kunchapu S.,2146
Gokul K.,2147
Arun Kumar T.,2148
Senapati N.,2149
Premnath S.,2150
Santosh A.,2151
Joshua A.,2152
Gopi S.,2153
Chandra S.A.,2154
Maruti G.,2155
Bharathi T.R.,2156
Subramaniyan Raja R.,2157
Shankar H.,2158
Subash Chandra Bose R.,2159
Balasubramanian K.,2160
Vinitha G.,2161
Subramaniyanraja R.,2162
Rama S.,2163
Pragadeeswari G.,2164
Joe Patrick Gnanaraj S.,2165
Logesh K.,2166
Deepak J.R.,2167
Srivatsan R.,2168
Gnanasekar R.,2169
Sarika C.,2170
Ravipati S.V.S.D.,2171
Varma S.S.S.K.S.,2172
Narayanaswamy N.,2173
Bharath N.,2174
Bharath Reddy P.,2175
Sabarish D.,2176
Prakash S.D.,2177
Nireeksha P.,2178
Yookesh T.L.,2179
Boopathi Kumar E.,2180
Sudam Sekhar P.,2181
Nehru K.,2182
Rao P.R.K.,2183
Praveenkumar B.,2184
Naik S.,2185
Balaji I.,2186
Amrutha A.,2187
Khot J.,2188
Ravichandran N.,2189
Sreevatsa K.A.,2190
Krishnan D.R.,2191
Subramaniam N.,2192
Gana V.V.,2193
Stango S.A.X.,2194
Vijayalakshmi U.,2195
Umamaheswari R.,2196
Jayapandian N.,2197
Priyananci S.,2198
Sen A.,2199
Kala U.,2200
Kumar C.S.,2201
Kasilingam G.,2202
Ragul D.,2203
Velmurugan S.,2204
Umamageswari R.,2205
Kamalesh M.S.,2206
Tamilarasi D.,2207
Jayasankar T.,2208
Kamatchikannan V.,2209
Prakash N.B.,2210
Ramana G.,2211
Banerjee I.,2212
Kishore Kumar D.,2213
Raghava Reddy K.,2214
Sadhu V.,2215
Arockiasamy M.,2216
hc H.,2217
S G.,2218
Surendra H.J.,2219
Balaraju J.N.,2220
Sahoo P.P.,2221
Sridhar Raja K.S.,2222
Prem J.P.J.,2223
Sathiyaseelan P.,2224
Hemanandh J.,2225
Ganesan S.,2226
Arif S.,2227
Senthil Kumar J.,2228
Dinesh R.,2229
Deepak Vigneshwaran N.,2230
Kumar U.M.,2231
Mathivanan S.,2232
Laskar I.U.I.,2233
Dey K.,2234
Reddy M.J.,2235
Sai Rakesh N.,2236
Shakthivel R.,2237
Suresh N.,2238
Jyothsna S.,2239
Maheswari K.U.,2240
Dr Jhansi Rani P.,2241
Karikkad H.K.,2242
Varun K.C.,2243
Durairaj R.B.,2244
Sivasaravanan S.,2245
Sharma D.K.,2246
Heboyan A.,2247
Shekar N.C.,2248
Mishra Z.,2249
Prashanth T.,2250
Sanjay N.,2251
Hari Babu M.,2252
Hari M.,2253
Shivakumara Aradhya R.S.,2254
Singh D.K.,2255
Verma A.,2256
Mohnaty M.N.,2257
Chetan Kumar G.,2258
Anjan Kumar N.,2259
Hanumesha A.G.,2260
Shreyas S.,2261
Urvi R.,2262
Nagesha M.,2263
Borannavar P.,2264
Thirugnanasabandam A.,2265
Mariadas A.,2266
Jayaraman J.T.,2267
Boddula R.,2268
Jagannathan M.,2269
Mathapati M.,2270
Chidambaranathan S.,2271
Vimalarani G.,2272
Sheeba Rani S.,2273
Gopalakrishnan T.,2274
Udupa M.,2275
Nandish S.,2276
Praise J.J.,2277
Prakash M.V.,2278
Silva A.S.,2279
Nanda P.,2280
Prince T.,2281
Prasad M.,2282
Devikanniga D.,2283
Seshan G.,2284
Kanagasabai S.,2285
Ananthasri S.,2286
Kannappan B.,2287
Jaimohan S.M.,2288
Kanagaraj S.,2289
M A.,2290
Rb D.,2291
Tijare P.,2292
Teja K.,2293
Elias S.,2294
Supritha S.,2295
Kishore S.,2296
Ganesh Swaroop V.,2297
Ghosh S.K.,2298
Shyamasundar L.B.,2299
Anil Kumar V.,2300
Sudarasanam M.,2301
Rangabashiam D.,2302
George D.S.,2303
Jairish T.G.,2304
Janarthanam H.,2305
Raja K.S.S.,2306
Krishna B.V.S.,2307
Uttej K.,2308
Gokulnath A.,2309
Venugopal J.,2310
Balakrishnan K.,2311
Chittamuru N.,2312
Jayapalan S.,2313
M. D.,2314
K. N.,2315
Rajesh S.S.,2316
Ramkumar A.,2317
Diwakar T.,2318
Naveen T.,2319
Semunigus W.,2320
Kavitha V.,2321
Guntupalli Y.K.,2322
Saketh V.S.,2323
Amudheswaran S.,2324
Vaishnav D.S.,2325
Murugesan N.,2326
K M.S.,2327
Souza R.M.D.,2328
Sivanandam P.,2329
Tammina S.K.,2330
Chen Q.,2331
Devarepally K.K.,2332
Varadarajan V.,2333
Nonyelu F.,2334
P V.,2335
N B.,2336
J J.,2337
J B S.,2338
Sharma S.,2339
Ninikrishna T.,2340
Akhilaa,2341
Akanks E.,2342
Karanji V.R.,2343
Thomas R.C.,2344
Sagar H.T.,2345
Patil V.,2346
Magesh P.R.,2347
Myloth R.D.,2348
Gour M.S.,2349
Druva Kumar S.,2350
Kumara P.,2351
Sunil Kumar K.,2352
Manivelan C.,2353
Krishnamurthy M.S.,2354
Sunil Kumar K.H.,2355
Lingareddy S.C.,2356
Nadeem Akram N.,2357
Suganya. J.,2358
Saumya A.,2359
Gayathri V.,2360
Kale S.,2361
Deepa K.,2362
Vedhitha S.,2363
Mukherjee U.,2364
Francis R.,2365
Reena,2366
Sumithra Devi M.R.,2367
Kumar H.H.S.,2368
Rajarajeshwari S.,2369
Archana S.,2370
Boda S.R.,2371
Sreelakshmi R.B.,2372
Vyjayanthi M.,2373
Chaitra N.,2374
Ghosh R.,2375
Hrushikesh V.,2376
Akhilesh Singh B.,2377
Kotion H.R.,2378
Shivashankaran P.,2379
Priyanka G.,2380
Sultana R.,2381
Rekha N.,2382
Reddy B.R.,2383
Hrusna Chakri Shadakshri V.,2384
Kp S.,2385
Syeda Husna M.,2386
Venkateswaran,2387
Yashoda B.S.,2388
Rani P J.,2389
Kulkarni A.,2390
Kamath A.V.,2391
Menon A.,2392
Dhatwalia P.,2393
Jain R.,2394
B K V.,2395
Mala P.S.,2396
Deekshitha S.,2397
Ke P.,2398
Vidyadhar Kamath A.,2399
Rishabh D.,2400
Pr J.R.,2401
Sami J.,2402
Kushal M.,2403
Kushal Kumar B.V.,2404
Charan Kumar M.J.,2405
Karn P.,2406
Rachana S.V.,2407
Yadav Cht K.T.,2408
Ahmed G.,2409
Saleem A.,2410
Ahmed S.,2411
Chawda V.,2412
Arya V.,2413
Pandey S.,2414
Shristi,2415
Valleti M.,2416
Bharath R.,2417
Koppad D.,2418
DIlip Kumar V.,2419
Akshaya E.,2420
Harsha A.,2421
Harshitha H.,2422
Sarangi S.,2423
Harshitha B.G.,2424
Dileep Reddy G.,2425
Chandan N.J.,2426
Dikshith K.,2427
Ajay G.,2428
Hepsiba P.S.,2429
Grace Mary Kanaga E.,2430
Rudra I.,2431
Shivakumar M.S.,2432
Shivakumara C.,2433
Konwar S.B.,2434
Balasubramanya Murthy K.N.,2435
Khandelwal Y.,2436
Nikhil N.M.,2437
Gupta V.K.,2438
Reddy V.,2439
Vamsi M.,2440
Vishuvardhan,2441
Tarak Ram V.,2442
Arun Kumar P.,2443
Harikant N.S.,2444
Malashree A.V.,2445
Sengupta S.,2446
Sarkar P.,2447
Dastidar A.,2448
Reddy K.K.,2449
Kv A.,2450
Pappa P.,2451
Sateesh A.,2452
Debnath R.,2453
Deb S.,2454
Venkatachalam P.,2455
Sajin J.B.,2456
Shoba M.,2457
Karthikeyan M.,2458
Elavarasu R.,2459
Sanjeevikumar P.,2460
Mihet-Popa L.,2461
Mitolo M.,2462
Anna Devi E.,2463
Lorate Shiny M.,2464
Fernandes B.J.,2465
Venkatesh R.,2466
Sarathkumar D.,2467
Karthika A.,2468
Patil S.J.,2469
Aspalli M.S.,2470
Shanmugam P.,2471
Bhuvaneswari K.,2472
Palanisamy G.,2473
Pazhanivel T.,2474
Alsalhi M.S.,2475
Aljaafreh M.J.,2476
Manimozhi I.,2477
Prakash R.P.,2478
Yaragol P.B.,2479
Patnala T.R.,2480
Jayanthi D.,2481
Majji S.,2482
Kothapalli S.,2483
Karanam S.R.,2484
Pasumarthi C.S.,2485
Sivasankari G.G.,2486
Bhuvaneswari T.,2487
Sambasivam R.,2488
Perumal R.N.,2489
Chaya N.,2490
Srinivas B.,2491
Shrama L.,2492
Harsha B.,2493
Gopika D.,2494
Panjanathan R.,2495
Galety M.G.,2496
Al Atroshi C.,2497
Arul Kumar N.,2498
Saravanan,2499
Trishul M.A.,2500
Geetha Devasena M.S.,2501
Kingsy Grace R.,2502
Manju S.,2503
Krishna Kumar V.,2504
Reshma Prakash S.,2505
Raghunath S.,2506
Karthika S.,2507
Kusmakumari E.,2508
Karuppanan S.,2509
Vignesh Kumar M.,2510
Thankam T.,2511
Balasuadhakar A.,2512
Manohar H.S.,2513
Anand S.A.,2514
Dubey S.,2515
Reddy S.T.,2516
Parthasarathy G.,2517
Ramanathan L.,2518
Chandrappa M.,2519
Swathi K.,2520
Nawandhar A.,2521
Yamujala L.,2522
Regin R.,2523
Praghash K.,2524
Sujatha S.,2525
Rajest S.S.,2526
Karmakar S.,2527
Karthik M.,2528
Usha S.,2529
Panchal H.,2530
Suresh M.,2531
Priya V.,2532
Hinduja K.K.,2533
Prathap D.,2534
Yogesh kumar Y.N.,2535
Vinodini S.,2536
Fathima N.,2537
Balasubramanie P.,2538
Rao A.D.,2539
Singh K.N.,2540
Peshwa M.S.,2541
Mihir Mohan M.,2542
Wagh R.S.,2543
Kumar R.,2544
Sanmathi G.S.,2545
Vedavathi P.,2546
Doddamani V.H.,2547
Shobana S.J.,2548
Pustokhina I.V.,2549
Pustokhin D.A.,2550
Gupta D.,2551
Kiran P.C.,2552
Kumar J.R.,2553
Shree K.K.,2554
Bhuvan D.V.,2555
Bharath L.,2556
Anila D.,2557
Ajay C.N.,2558
Shravani B.,2559
Anand S.N.,2560
Vinay B.K.,2561
Pushpa Mala S.,2562
Sunil M.P.,2563
Narasimha Murthy K.,2564
Sankaranarayanan S.,2565
De Albuquerque V.H.C.,2566
Rodrigues J.J.P.C.,2567
Trilles S.,2568
Granell C.,2569
Degbelo A.,2570
Bhattacharya D.,2571
Xiaoxiao X.,2572
Bin L.,2573
Ramkumar S.,2574
Saravanan S.,2575
Balaji M.S.P.,2576
Dhanasekaran S.,2577
Thimmiaraja J.,2578
Kumari S.,2579
Batni P.,2580
Chauhan G.,2581
Mishra D.V.,2582
Singh R.,2583
Vijayan S.,2584
Chandra Shekar N.,2585
Rakshitha B.S.,2586
Swain S.R.,2587
Niranjan C.A.,2588
Chandan K.R.,2589
Meghana N.,2590
Accamma I.V.,2591
Anto A.B.,2592
Kumar A.S.,2593
Gugan K.,2594
Maidur S.R.,2595
Suresh G.,2596
Poddar N.,2597
Lavanya M.,2598
Ravela R.,2599
Subbarao A.,2600
Ramu G.,2601
Ramesh Reddy P.,2602
Murthy K.V.N.,2603
Muthu Kumaran N.,2604
Reddy A.,2605
Rani J.P.,2606
Yadav D.,2607
Passi P.,2608
Sreedhar D.,2609
Madhan Gopal M.E.,2610
Mukherjee A.,2611
Sreelakshmi C.S.,2612
Ramanamurthy G.,2613
DIvya R.,2614
Kiran B.T.S.,2615
Muthuvinayagam M.,2616
Wable T.S.,2617
Ayush,2618
Naveen H.,2619
Kulkarni B.,2620
Sreerama Reddy G.M.,2621
Varma K.B.R.,2622
Sammeta P.,2623
Hate A.A.,2624
Kashfi S.,2625
Albasha L.,2626
Roopesh R.,2627
Sushma B.S.,2628
Babu A.M.,2629
Huchegowda R.,2630
Shruti A.,2631
Amarendra S.,2632
Shraddha T.,2633
Huchegowda C.,2634
Platonov A.,2635
Narayana S.,2636
Venkatesha Prasad R.,2637
Melinmani S.,2638
Manohar C.A.,2639
Immaculate S.D.,2640
Floramary M.,2641
Suma S.,2642
Rakshitha R.,2643
Saligrama A.,2644
Ranjani H.G.,2645
Shankar H.N.,2646
Mohamed Iqbal M.M.,2647
Sarumathi S.,2648
Jothi K.R.,2649
Brindadevi A.,2650
Sivakumar Babu G.L.,2651
Unnikrishnan R.,2652
Malakar C.,2653
Suresh A.,2654
John Sathya A.,2655
Salanke K.S.,2656
Jadhav P.S.,2657
Anilkumar V.,2658
Sundaraguru R.,2659
Amala U.,2660
Mathalai Sundaram C.,2661
Balan K.N.,2662
Francisca J.S.,2663
Raj T.N.,2664
Avinash J.,2665
Bhovi P.M.,2666
Venkateswarlu K.,2667
Mohan M.,2668
Vittal K.P.,2669
Salanke K.,2670
Mohan Kumar S.,2671
Elizabeth Roy D.,2672
Manoj P.,2673
Keerthana M.,2674
Malladi M.,2675
Mithun V.,2676
Naveen K.B.N.,2677
Punith N.,2678
Sarma M.J.,2679
Chandrasekhar U.,2680
Shankar S.,2681
Nawandhar A.A.,2682
Hiremath S.M.,2683
Patil N.R.,2684
Hiremath C.S.,2685
Khemalapure S.S.,2686
Pattanayak S.K.,2687
Negalurmath V.S.,2688
Obelannavar K.,2689
Armaković S.J.,2690
Armaković S.,2691
Satyanarayana S.,2692
Narendra K.C.,2693
Kumaraswamy R.,2694
Vasanthi D.R.,2695
Anusha R.,2696
Mothkur R.,2697
Km P.,2698
Anjum A.,2699
Das M.,2700
Murthy J.,2701
Gudennavar S.B.,2702
Bubbly S.G.,2703
Vasudevan D.,2704
Nayak S.,2705
Sreekanth V.,2706
Mahesh B.,2707
Niranjan K.,2708
Uday K.,2709
Srujita K.,2710
Leo A.,2711
Monteduro A.G.,2712
Rizzato S.,2713
Ameer Z.,2714
Hazarika A.,2715
Choudhury D.,2716
Sarma D.D.,2717
Maruccio G.,2718
Dutta M.,2719
Manohar R.,2720
Mungara J.,2721
Choudhury S.P.,2722
Bhattacharjee D.,2723
Martino M.,2724
Caricato A.P.,2725
Tasco V.,2726
Mazzotta E.,2727
Malitesta C.,2728
Tania H.M.,2729
Patra J.K.,2730
Raghuraj N.,2731
Niveditha R.,2732
Manavaalan G.,2733
Saboji R.G.,2734
Sneha C.V.,2735
Sarangh E.R.,2736
Vindhya V.,2737
Hegde R.R.,2738
Lakshmi V.A.,2739
Choudhury A.,2740
Krishnan R.,2741
Supriya C.,2742
Ray R.K.,2743
Sanjeeva S.K.,2744
Nair C.B.,2745
Kini G.M.,2746
Subba Rao P.V.,2747
Barrow C.J.,2748
Priyanka N.,2749
Janhavi S.,2750
Subramanya P.,2751
Naveen L.,2752
Nyamangoudar R.,2753
Regi R.,2754
Kunjomana A.G.,2755
Prasad B.K.,2756
Dev Singh D.,2757
Rahul G.,2758
Singh N.B.,2759
Rashmi S.R.,2760
Rangarajan K.,2761
Routtay S.K.,2762
Mahto A.,2763
Kumar D.R.,2764
Gunesegar K.,2765
Choudhury R.,2766
Sahu A.,2767
Kapur H.,2768
Anand P.,2769
Venkatesan G.,2770
Nithiyananthan K.,2771
Rammohan T.,2772
Swetha K.V.,2773
Dara R.,2774
Reddy N.R.,2775
Ajey S.S.,2776
Nagalaxmi D.N.,2777
Krishnamurthy D.V.,2778
Anjankumar N.,2779
Supriya J.,2780
Sethuram D.,2781
Koppad P.G.,2782
Shetty H.,2783
Alipour M.,2784
Kord S.,2785
Duraisamy S.,2786
Ghosh D.,2787
Thomas S.,2788
Eski A.,2789
Mirjavadi S.S.,2790
Hamouda A.M.S.,2791
Matin A.,2792
Afshari B.M.,2793
Kumari N.,2794
Reddy G.V.S.,2795
Fazlur R.,2796
Mallikarjuna H.M.,2797
Ramesh C.S.,2798
Keshavamurthy R.,2799
Ramnath S.,2800
Narang B.,2801
Mishra P.,2802
Indira G.P.,2803
Monica K.,2804
Kala A.,2805
Muneppa C.,2806
Shivashankar G.K.,2807
Shivananda Murthy K.V.,2808
Girish D.P.,2809
Varol T.,2810
Padmanabha Gowda V.N.,2811
Narasimha Murthy B.N.,2812
Manavalan G.,2813
Poongothai M.G.,2814
Prema S.,2815
Daliya V.K.,2816
Priya R.,2817
Samanta D.,2818
Paul M.,2819
Kumar V.,2820
Thakeran R.M.,2821
Srikanth D.N.,2822
Preeti P.,2823
Keerthi K.,2824
Rudresh M.D.,2825
Latha A.S.,2826
Nayana C.G.,2827
Sudha,2828
Patange S.S.R.,2829
Raja S.,2830
Aravindu B.,2831
Raghavendra L.,2832
Devi M.S.,2833
Kumar M.N.,2834
Mahesh D.S.,2835
Chandramouli H.,2836
Chitnis S.R.,2837
Balaji S.,2838
Khan H.,2839
Janga Reddy M.,2840
Gurunadha Babu M.,2841
Mounika K.,2842
Madhu G.,2843
Batra N.,2844
Manocha L.M.,2845
Machinewala N.,2846
Gharami S.,2847
Pradeep Kumar G.S.,2848
Bilakanti A.,2849
Anjana N.B.,2850
Divya A.,2851
Divya K.,2852
Chakraborty N.,2853
Patra G.K.,2854
Shreesha S.,2855
Latha Y.S.,2856
Rajesh Kumar M.,2857
Krishnamurthy G.,2858
Niteesh Kumar S.J.,2859
Haseebuddin M.R.,2860
Misal S.,2861
Wandalkar M.,2862
Jadhav P.,2863
Anjali,2864
Pattar S.,2865
Manjunath M.,2866
Kulkarni A.D.,2867
Bagihalli G.B.,2868
Patil S.A.,2869
Kumar G.,2870
Bhavani S.D.,2871
Emamian S.,2872
Venkatesh J.,2873
Godiganur S.,2874
Venkateswaran S.,2875
Bontha S.,2876
Ramesh M.R.,2877
Krishna M.,2878
Balla V.K.,2879
MALLIKARJUNA H.M.,2880
RAMESH C.S.,2881
KOPPAD P.G.,2882
KESHAVAMURTHY R.,2883
KASHYAP K.T.,2884
Sandhya N.,2885
Dananjayan P.,2886
Padmaja D.,2887
Rani B.,2888
Neetu,2889
Sharma K.,2890
Diwan P.K.,2891
Mohnani P.,2892
Jabeen F.,2893
Harichandra B.P.,2894
Prashanth M.,2895
Prakash S.V.,2896
Rekha K.,2897
Mohan V.,2898
Munda S.P.,2899
Desai A.,2900
Nagegowda K.S.,2901
Chandrashekara K.N.,2902
Sreenivasa K.,2903
Krupakara P.V.,2904
Maddireddy M.,2905
Radha D.N.,2906
Aparna M.,2907
Lakar P.,2908
Nagarajan S.,2909
Gopalan N.P.,2910
Rajani M.,2911
Narayana Murty P.,2912
Nair A.M.,2913
Latha G.M.,2914
Swetha T.,2915
Tai C.Y.,2916
Sowmya N.,2917
Nalini N.,2918
Shankarz H.N.,2919
Muralishankarx R.,2920
Simha A.,2921
Tallam M.,2922
Hnln S.,2923
REJIL C.M.,2924
SHARAN C.,2925
MUTHUKUMARAN S.,2926
VASUDEVAN M.,2927
Naorem D.,2928
Janani V.,2929
Sachan K.,2930
Padhi R.,2931
Addanki A.,2932
Anand G.V.,2933
Rafeeque K.P.A.,2934
Prabhakara C.T.,2935
Naik V.H.,2936
Kinnal S.M.,2937
Badami P.S.,2938
Nobile C.,2939
Buonsanti R.,2940
Cozzoli P.D.,2941
Ram B K.,2942
Pruthvi P.,2943
Jackson D.,2944
Hegde S.R.,2945
Hiremath P.S.,2946
Kumar S.A.,2947
Kulkarni P.,2948
Dharshini P.M.P.,2949
Tamilarasi M.,2950
Mahapathi M.,2951
Vahab F.A.,2952
Ravichandran S.,2953
Biswas D.,2954
Sen S.,2955
Nataraj B.,2956
Ramachandra V.,2957
Joshi A.S.,2958
Dincer I.,2959
Reddy B.V.,2960
Mohan N.,2961
Pande D.C.,2962
Bhattacharya A.,2963
Kavitha K.S.,2964
Ramakrishnan K.V.,2965
Singh M.K.,2966
Joshi N.,2967
Bhatia H.,2968
Gupta P.K.,2969
Soni P.L.,2970
Harshitha R.,2971
Syed I.A.,2972
Srivasthava S.,2973
Rinaldi R.,2974
Sharma R.,2975
Lalitha H.,2976
Nagamani K.,2977
Ananth A.G.,2978
Ananda Babu K.V.S.,2979
Kumar M.K.,2980
Reddy L.S.,2981
Sreenivas B.C.,2982
Bhanu Prakash G.C.,2983
Walikar H.B.,2984
Basapur S.B.,2985
Prakash G.C.B.,2986
Sathisha N.,2987
Babu K.S.,2988
Raja K.B.,2989
Patnaik L.M.,2990
Noubade J.,2991
Konda R.B.,2992
Baswaraj B.,2993
Vemulapalli S.,2994
Shashi M.,2995
Ambore B.,2996
Suma R.,2997
Reddy J.,2998
Jugal Kishore M.,2999
Priyadarshini M.P.,3000
Vinutha R.,3001
Pande V.,3002
Kadambi G.,3003
Bate S.,3004
Karthik P.,3005
Ravi S.,3006
Anand M.,3007
Vinoth Kumar A.,3008
Balagondar P.M.,3009
Prasad G.S.,3010
Schoppmeyer C.,3011
Subbiah S.,3012
Bendiganahalli-Deveerappa S.,3013
Engell S.,3014
Cavitha C.,3015
Redely V.D.K.,3016
Aishwarya R.,3017
Avinash T.,3018
Adiga N.,3019
Pavan V.S.,3020
Praveen Patil D.V.,3021
Aruna R.,3022
Pooja B.,3023
Joseph S.,3024
Madhuri K.L.,3025
Prasad R.V.,3026
Niemegeers I.G.M.M.,3027
Venkat A.,3028
Balakrishna S.,3029
Chayapathy S.,3030
Sinha M.,3031
Kavitha Bai A.S.,3032
Kishore M.J.,3033
Shiva Reddy D.M.,3034
Skariyachan S.,3035
Palanivel B.,3036
Anish D.T.,3037
Kiran J.,3038
Kamble U.V.,3039
Sudershan Reddy L.,3040
Bates S.,3041
Sridevi K.N.,3042
Mani Mozhi I.,3043
Mungara J.N.,3044
Setti P.,3045
Mendiratta J.K.,3046
Sadashivappa G.,3047
Jayakar M.,3048
Jayapal R.,3049
Nanjundappa C.,3050
Shivakumara I.,3051
Srikumar K.,3052
Doley R.,3053
Pahari S.,3054
Mackessy S.P.,3055
Kini R.M.,3056